date,keyword,rank
2026-05-21,op auto clicker,0
2026-05-21,op auto clicker download,0
2026-05-21,auto clicker windows,0
2026-05-21,free auto clicker,0
2026-05-21,fastest auto clicker,0
2026-05-21,auto clicker for minecraft,0
2026-05-21,cookie clicker auto clicker,0
2026-05-21,how to use op auto clicker,6
2026-05-22,op auto clicker,0
2026-05-22,op auto clicker download,0
2026-05-22,auto clicker windows,0
2026-05-22,free auto clicker,0
2026-05-22,fastest auto clicker,0
2026-05-22,auto clicker for minecraft,0
2026-05-22,cookie clicker auto clicker,0
2026-05-22,how to use op auto clicker,5
2026-05-23,op auto clicker,0
2026-05-23,op auto clicker download,10
2026-05-23,auto clicker windows,0
2026-05-23,free auto clicker,0
2026-05-23,fastest auto clicker,0
2026-05-23,auto clicker for minecraft,0
2026-05-23,cookie clicker auto clicker,0
2026-05-23,how to use op auto clicker,4
2026-05-24,op auto clicker,0
2026-05-24,op auto clicker download,0
2026-05-24,auto clicker windows,0
2026-05-24,free auto clicker,0
2026-05-24,fastest auto clicker,7
2026-05-24,auto clicker for minecraft,0
2026-05-24,cookie clicker auto clicker,0
2026-05-24,how to use op auto clicker,4
2026-05-26,op auto clicker,0
2026-05-26,op auto clicker download,0
2026-05-26,auto clicker windows,0
2026-05-26,free auto clicker,0
2026-05-26,fastest auto clicker,0
2026-05-26,auto clicker for minecraft,0
2026-05-26,cookie clicker auto clicker,0
2026-05-26,how to use op auto clicker,4
2026-05-27,op auto clicker,0
2026-05-27,op auto clicker download,0
2026-05-27,auto clicker windows,0
2026-05-27,free auto clicker,0
2026-05-27,fastest auto clicker,0
2026-05-27,auto clicker for minecraft,0
2026-05-27,cookie clicker auto clicker,0
2026-05-27,how to use op auto clicker,4
